flag_id,transaction_id,customer_id,flag_date,flag_category,flagged_amount,investigation_status,loss_amount,detection_method
ACB-RF0000001,ACB-TXN00000060,ACB-C011112,2024-10-19,Identity Theft,153.52,Under Review,0.0,ML Model
ACB-RF0000002,ACB-TXN00000169,ACB-C003611,2024-07-12,Unusual Geography,73.17,Under Review,35.99,Rules Engine
ACB-RF0000003,ACB-TXN00000224,ACB-C014984,2024-04-16,Transaction Velocity,10679.72,Confirmed Fraud,0.0,ML Model
ACB-RF0000004,ACB-TXN00000328,ACB-C013049,2025-09-30,Identity Theft,87.08,Under Review,0.0,Rules Engine
ACB-RF0000005,ACB-TXN00000401,ACB-C004053,2023-09-16,Identity Theft,23339.78,Under Review,6141.4,Rules Engine
ACB-RF0000006,ACB-TXN00000407,ACB-C007452,2025-04-27,Structuring,14425.23,Pending,7292.6,Rules Engine
ACB-RF0000007,ACB-TXN00000638,ACB-C013680,2023-08-29,Transaction Velocity,12653.28,Confirmed Fraud,0.0,Rules Engine
ACB-RF0000008,ACB-TXN00000958,ACB-C007910,2026-03-12,Money Laundering Suspicion,596.96,Under Review,0.0,Customer Report
ACB-RF0000009,ACB-TXN00001115,ACB-C012525,2023-07-21,Account Takeover,286.17,Confirmed Fraud,51.43,Rules Engine
ACB-RF0000010,ACB-TXN00001917,ACB-C001686,2024-06-13,Account Takeover,5152.12,Under Review,0.0,ML Model
ACB-RF0000011,ACB-TXN00001982,ACB-C006555,2023-02-02,Identity Theft,40.0,False Positive,0.0,Rules Engine
ACB-RF0000012,ACB-TXN00002358,ACB-C010937,2025-07-27,Transaction Velocity,214.26,Confirmed Fraud,193.89,ML Model
ACB-RF0000013,ACB-TXN00002657,ACB-C006060,2024-03-10,Card Not Present,4516.09,Under Review,0.0,Rules Engine
ACB-RF0000014,ACB-TXN00002729,ACB-C006835,2025-06-21,Card Not Present,11864.85,Confirmed Fraud,0.0,Customer Report
ACB-RF0000015,ACB-TXN00002985,ACB-C014998,2025-01-26,Money Laundering Suspicion,17533.81,Confirmed Fraud,0.0,Rules Engine
ACB-RF0000016,ACB-TXN00003463,ACB-C005110,2023-09-22,Identity Theft,75.44,Confirmed Fraud,60.73,Manual Review
ACB-RF0000017,ACB-TXN00003545,ACB-C005958,2023-04-26,Card Not Present,100.0,Confirmed Fraud,0.0,ML Model
ACB-RF0000018,ACB-TXN00003763,ACB-C011845,2023-12-14,Account Takeover,300.0,Under Review,147.59,ML Model
ACB-RF0000019,ACB-TXN00003904,ACB-C012461,2025-03-24,Account Takeover,229.79,False Positive,0.0,Manual Review
ACB-RF0000020,ACB-TXN00003919,ACB-C005512,2026-02-21,Identity Theft,29.3,Pending,0.0,Manual Review
ACB-RF0000021,ACB-TXN00004593,ACB-C013510,2024-05-27,Card Not Present,82.04,Under Review,59.53,Rules Engine
ACB-RF0000022,ACB-TXN00004802,ACB-C012645,2025-07-08,Account Takeover,66.95,Under Review,15.11,ML Model
ACB-RF0000023,ACB-TXN00004997,ACB-C006142,2024-11-30,Card Not Present,81.48,Under Review,0.0,Rules Engine
ACB-RF0000024,ACB-TXN00005017,ACB-C011271,2023-11-21,Card Not Present,6844.84,Confirmed Fraud,0.0,Rules Engine
ACB-RF0000025,ACB-TXN00005020,ACB-C003353,2025-06-01,Transaction Velocity,239.98,Confirmed Fraud,0.0,Rules Engine
ACB-RF0000026,ACB-TXN00005270,ACB-C009983,2023-04-04,Identity Theft,1104.63,Under Review,0.0,ML Model
ACB-RF0000027,ACB-TXN00005334,ACB-C007063,2025-08-21,Synthetic Identity,770.81,Under Review,300.81,Rules Engine
ACB-RF0000028,ACB-TXN00005536,ACB-C002993,2023-10-25,Account Takeover,955.22,Confirmed Fraud,0.0,ML Model
ACB-RF0000029,ACB-TXN00005641,ACB-C010406,2023-05-18,Unusual Geography,2037.23,Confirmed Fraud,0.0,Rules Engine
ACB-RF0000030,ACB-TXN00006111,ACB-C006703,2024-12-06,Account Takeover,741.87,Under Review,267.04,Rules Engine
ACB-RF0000031,ACB-TXN00006196,ACB-C004434,2023-09-20,Identity Theft,80.0,Confirmed Fraud,12.04,ML Model
ACB-RF0000032,ACB-TXN00006303,ACB-C001293,2024-12-24,Card Not Present,548.58,Under Review,0.0,Rules Engine
ACB-RF0000033,ACB-TXN00006782,ACB-C000327,2025-09-16,Account Takeover,642.19,False Positive,0.0,ML Model
ACB-RF0000034,ACB-TXN00007043,ACB-C008242,2024-05-13,Card Not Present,282.5,False Positive,0.0,ML Model
ACB-RF0000035,ACB-TXN00008273,ACB-C000843,2023-02-01,Account Takeover,58.06,Under Review,0.0,Rules Engine
ACB-RF0000036,ACB-TXN00008461,ACB-C014021,2023-05-28,Identity Theft,19396.03,Confirmed Fraud,7743.9,Manual Review
ACB-RF0000037,ACB-TXN00008617,ACB-C013087,2025-05-06,Synthetic Identity,402.13,Confirmed Fraud,235.26,ML Model
ACB-RF0000038,ACB-TXN00008650,ACB-C003885,2023-09-04,Card Not Present,58.8,False Positive,0.0,Rules Engine
ACB-RF0000039,ACB-TXN00008819,ACB-C004028,2024-02-07,Account Takeover,200.0,Under Review,0.0,Rules Engine
ACB-RF0000040,ACB-TXN00009085,ACB-C009631,2026-03-17,Transaction Velocity,816.19,Confirmed Fraud,0.0,ML Model
ACB-RF0000041,ACB-TXN00009337,ACB-C000445,2026-03-18,Unusual Geography,709.14,False Positive,28.21,Rules Engine
ACB-RF0000042,ACB-TXN00009646,ACB-C007749,2024-02-01,Money Laundering Suspicion,40.0,False Positive,0.0,Rules Engine
ACB-RF0000043,ACB-TXN00009656,ACB-C004178,2025-07-31,Account Takeover,60.0,False Positive,0.0,Rules Engine
ACB-RF0000044,ACB-TXN00009692,ACB-C004152,2025-12-08,Card Not Present,500.0,Confirmed Fraud,453.12,Rules Engine
ACB-RF0000045,ACB-TXN00009795,ACB-C011915,2023-06-09,Card Not Present,132.54,Confirmed Fraud,0.0,ML Model
ACB-RF0000046,ACB-TXN00010569,ACB-C000932,2025-02-26,Transaction Velocity,76420.5,Under Review,0.0,Rules Engine
ACB-RF0000047,ACB-TXN00010630,ACB-C001500,2024-11-03,Account Takeover,1853.75,Under Review,51.92,Rules Engine
ACB-RF0000048,ACB-TXN00010657,ACB-C009038,2023-07-16,Account Takeover,241.17,Confirmed Fraud,101.72,ML Model
ACB-RF0000049,ACB-TXN00011032,ACB-C002983,2024-06-19,Transaction Velocity,10966.46,False Positive,0.0,ML Model
ACB-RF0000050,ACB-TXN00011124,ACB-C014600,2026-02-20,Account Takeover,6061.63,Under Review,0.0,Rules Engine
ACB-RF0000051,ACB-TXN00011537,ACB-C010863,2023-08-27,Transaction Velocity,452.92,Confirmed Fraud,0.0,Rules Engine
ACB-RF0000052,ACB-TXN00011982,ACB-C006462,2023-07-04,Unusual Geography,37.45,Pending,9.75,Rules Engine
ACB-RF0000053,ACB-TXN00012013,ACB-C011334,2023-03-29,Card Not Present,3979.87,False Positive,0.0,Manual Review
ACB-RF0000054,ACB-TXN00012430,ACB-C002422,2024-10-18,Account Takeover,315.34,Under Review,0.0,Rules Engine
ACB-RF0000055,ACB-TXN00012591,ACB-C010826,2024-03-25,Identity Theft,20554.89,False Positive,0.0,Manual Review
ACB-RF0000056,ACB-TXN00013048,ACB-C001419,2025-05-19,Transaction Velocity,992.9,Under Review,0.0,Rules Engine
ACB-RF0000057,ACB-TXN00013308,ACB-C008958,2023-05-25,Identity Theft,100.0,Under Review,19.24,Manual Review
ACB-RF0000058,ACB-TXN00013923,ACB-C012243,2024-05-06,Card Not Present,430.44,Under Review,0.0,Customer Report
ACB-RF0000059,ACB-TXN00013941,ACB-C000368,2023-07-06,Card Not Present,172.77,Confirmed Fraud,48.05,Rules Engine
ACB-RF0000060,ACB-TXN00014023,ACB-C013946,2023-04-21,Account Takeover,9664.6,Confirmed Fraud,0.0,ML Model
ACB-RF0000061,ACB-TXN00014269,ACB-C006145,2023-03-17,Transaction Velocity,63.9,Confirmed Fraud,41.44,ML Model
ACB-RF0000062,ACB-TXN00014407,ACB-C009279,2023-10-25,Account Takeover,190.53,Confirmed Fraud,0.0,ML Model
ACB-RF0000063,ACB-TXN00014848,ACB-C002079,2023-02-06,Card Not Present,18158.23,Under Review,0.0,Rules Engine
ACB-RF0000064,ACB-TXN00015197,ACB-C000849,2023-07-29,Account Takeover,7709.56,Under Review,3517.38,Rules Engine
ACB-RF0000065,ACB-TXN00015397,ACB-C008104,2023-02-04,Card Not Present,468.24,Confirmed Fraud,0.0,ML Model
ACB-RF0000066,ACB-TXN00015481,ACB-C003318,2024-09-23,Card Not Present,200.0,Under Review,0.0,Customer Report
ACB-RF0000067,ACB-TXN00015817,ACB-C007188,2023-09-30,Structuring,28681.78,Confirmed Fraud,12255.54,Manual Review
ACB-RF0000068,ACB-TXN00016121,ACB-C008640,2023-03-27,Transaction Velocity,36.18,Under Review,0.0,Manual Review
ACB-RF0000069,ACB-TXN00016411,ACB-C005592,2026-02-21,Account Takeover,5709.47,Confirmed Fraud,0.0,Rules Engine
ACB-RF0000070,ACB-TXN00016900,ACB-C002543,2024-10-01,Account Takeover,584.56,False Positive,170.5,Rules Engine
ACB-RF0000071,ACB-TXN00016919,ACB-C005622,2024-06-19,Account Takeover,595.06,Confirmed Fraud,0.0,ML Model
ACB-RF0000072,ACB-TXN00017334,ACB-C005333,2024-03-27,Unusual Geography,18260.77,False Positive,0.0,Customer Report
ACB-RF0000073,ACB-TXN00017636,ACB-C014789,2024-04-02,Money Laundering Suspicion,147.94,Confirmed Fraud,0.0,Rules Engine
ACB-RF0000074,ACB-TXN00017725,ACB-C005888,2023-10-16,Card Not Present,67748.8,Confirmed Fraud,0.0,Rules Engine
ACB-RF0000075,ACB-TXN00017869,ACB-C001046,2023-07-11,Transaction Velocity,373.0,Under Review,164.58,Rules Engine
ACB-RF0000076,ACB-TXN00017884,ACB-C001231,2024-06-06,Synthetic Identity,28111.28,False Positive,0.0,Customer Report
ACB-RF0000077,ACB-TXN00018280,ACB-C000919,2024-03-30,Transaction Velocity,61.79,Under Review,0.0,Manual Review
ACB-RF0000078,ACB-TXN00018526,ACB-C007300,2024-03-09,Transaction Velocity,248.64,Confirmed Fraud,0.0,Rules Engine
ACB-RF0000079,ACB-TXN00018849,ACB-C006158,2024-02-12,Money Laundering Suspicion,12893.88,Under Review,0.0,ML Model
ACB-RF0000080,ACB-TXN00019169,ACB-C000966,2023-09-18,Identity Theft,50.67,Confirmed Fraud,22.36,Rules Engine
ACB-RF0000081,ACB-TXN00019266,ACB-C011865,2025-03-24,Card Not Present,137.77,Confirmed Fraud,0.0,Rules Engine
ACB-RF0000082,ACB-TXN00019323,ACB-C012895,2025-02-28,Card Not Present,8463.62,Under Review,0.0,Manual Review
ACB-RF0000083,ACB-TXN00019516,ACB-C001635,2024-11-20,Account Takeover,390.5,Under Review,0.0,ML Model
ACB-RF0000084,ACB-TXN00020252,ACB-C000248,2024-08-15,Synthetic Identity,631.74,False Positive,584.19,Rules Engine
ACB-RF0000085,ACB-TXN00020642,ACB-C001981,2023-11-07,Account Takeover,500.0,Confirmed Fraud,0.0,Rules Engine
ACB-RF0000086,ACB-TXN00020950,ACB-C002224,2024-01-16,Card Not Present,49.07,Confirmed Fraud,3.31,Manual Review
ACB-RF0000087,ACB-TXN00022368,ACB-C006704,2024-12-25,Transaction Velocity,37360.8,False Positive,3411.8,ML Model
ACB-RF0000088,ACB-TXN00022536,ACB-C000412,2023-04-11,Synthetic Identity,60.0,Confirmed Fraud,0.0,Manual Review
ACB-RF0000089,ACB-TXN00022734,ACB-C007997,2025-04-05,Account Takeover,391.32,False Positive,0.0,ML Model
ACB-RF0000090,ACB-TXN00022751,ACB-C004140,2025-04-02,Account Takeover,1085.44,Under Review,0.0,Manual Review
ACB-RF0000091,ACB-TXN00022767,ACB-C009097,2023-12-04,Transaction Velocity,13420.24,False Positive,0.0,Manual Review
ACB-RF0000092,ACB-TXN00022794,ACB-C011973,2024-10-03,Transaction Velocity,523.2,Confirmed Fraud,0.0,Rules Engine
ACB-RF0000093,ACB-TXN00022878,ACB-C010999,2025-10-24,Card Not Present,60.0,Confirmed Fraud,38.63,Manual Review
ACB-RF0000094,ACB-TXN00023076,ACB-C001825,2023-04-23,Unusual Geography,568.27,Under Review,0.0,ML Model
ACB-RF0000095,ACB-TXN00023543,ACB-C008814,2023-10-23,Card Not Present,17.43,False Positive,0.0,ML Model
ACB-RF0000096,ACB-TXN00023580,ACB-C011995,2023-12-31,Account Takeover,114.03,Under Review,0.0,ML Model
ACB-RF0000097,ACB-TXN00024528,ACB-C004749,2023-12-26,Account Takeover,3023.32,Confirmed Fraud,1421.55,Customer Report
ACB-RF0000098,ACB-TXN00024791,ACB-C004002,2024-11-06,Transaction Velocity,17271.4,False Positive,8230.72,ML Model
ACB-RF0000099,ACB-TXN00024847,ACB-C013478,2024-02-14,Identity Theft,672.18,Under Review,0.0,Manual Review
ACB-RF0000100,ACB-TXN00025190,ACB-C007242,2024-07-12,Structuring,221.84,Confirmed Fraud,0.0,Manual Review
ACB-RF0000101,ACB-TXN00025295,ACB-C001711,2023-01-27,Transaction Velocity,44.06,Confirmed Fraud,40.12,ML Model
ACB-RF0000102,ACB-TXN00025587,ACB-C002668,2024-09-07,Card Not Present,2955.75,Confirmed Fraud,1438.25,Rules Engine
ACB-RF0000103,ACB-TXN00026280,ACB-C007070,2023-08-28,Account Takeover,2474.74,Under Review,0.0,Rules Engine
ACB-RF0000104,ACB-TXN00026781,ACB-C011375,2023-03-16,Synthetic Identity,106.32,False Positive,0.0,Rules Engine
ACB-RF0000105,ACB-TXN00026899,ACB-C003613,2026-02-08,Unusual Geography,75.83,Under Review,0.0,Rules Engine
ACB-RF0000106,ACB-TXN00027053,ACB-C010696,2025-07-22,Transaction Velocity,15962.98,Confirmed Fraud,0.0,Rules Engine
ACB-RF0000107,ACB-TXN00027300,ACB-C005133,2023-07-16,Card Not Present,133.92,Confirmed Fraud,102.57,Rules Engine
ACB-RF0000108,ACB-TXN00027378,ACB-C005506,2025-01-26,Synthetic Identity,75.06,Confirmed Fraud,51.49,Rules Engine
ACB-RF0000109,ACB-TXN00027674,ACB-C004920,2023-05-27,Account Takeover,36.5,Confirmed Fraud,0.0,ML Model
ACB-RF0000110,ACB-TXN00027696,ACB-C004103,2024-06-27,Account Takeover,31131.75,Confirmed Fraud,0.0,ML Model
ACB-RF0000111,ACB-TXN00027710,ACB-C003228,2025-05-28,Account Takeover,65.29,Confirmed Fraud,0.0,ML Model
ACB-RF0000112,ACB-TXN00027717,ACB-C001795,2024-06-14,Card Not Present,596.29,Confirmed Fraud,105.06,Rules Engine
ACB-RF0000113,ACB-TXN00027761,ACB-C006046,2026-01-09,Card Not Present,2099.26,Confirmed Fraud,586.64,Rules Engine
ACB-RF0000114,ACB-TXN00027897,ACB-C010763,2024-11-03,Card Not Present,44339.18,Under Review,0.0,Rules Engine
ACB-RF0000115,ACB-TXN00028337,ACB-C004963,2023-10-24,Card Not Present,382.12,Under Review,0.0,Rules Engine
ACB-RF0000116,ACB-TXN00028439,ACB-C008626,2024-10-24,Card Not Present,170.21,Confirmed Fraud,0.0,Rules Engine
ACB-RF0000117,ACB-TXN00028497,ACB-C003863,2025-03-04,Account Takeover,487.46,False Positive,342.14,Rules Engine
ACB-RF0000118,ACB-TXN00028501,ACB-C009907,2024-12-08,Money Laundering Suspicion,300.0,Confirmed Fraud,0.0,Rules Engine
ACB-RF0000119,ACB-TXN00028663,ACB-C004916,2023-12-26,Identity Theft,3097.23,False Positive,0.0,Rules Engine
ACB-RF0000120,ACB-TXN00028893,ACB-C011829,2026-03-04,Transaction Velocity,211.9,Under Review,145.44,Rules Engine
ACB-RF0000121,ACB-TXN00029019,ACB-C013209,2026-01-13,Identity Theft,818.7,Confirmed Fraud,0.0,ML Model
ACB-RF0000122,ACB-TXN00029432,ACB-C005842,2023-12-11,Transaction Velocity,2632.53,Under Review,2339.06,ML Model
ACB-RF0000123,ACB-TXN00029630,ACB-C011834,2025-07-16,Card Not Present,10645.17,Under Review,939.46,Rules Engine
ACB-RF0000124,ACB-TXN00029919,ACB-C012698,2023-10-15,Identity Theft,1131.15,Under Review,0.0,Rules Engine
ACB-RF0000125,ACB-TXN00030511,ACB-C010506,2025-06-04,Identity Theft,912.51,Confirmed Fraud,88.24,Customer Report
ACB-RF0000126,ACB-TXN00030621,ACB-C014872,2023-06-27,Card Not Present,10785.81,Pending,0.0,ML Model
ACB-RF0000127,ACB-TXN00031021,ACB-C008112,2023-01-18,Transaction Velocity,46.56,Confirmed Fraud,0.0,ML Model
ACB-RF0000128,ACB-TXN00031081,ACB-C004121,2024-07-29,Card Not Present,78.29,Pending,0.0,ML Model
ACB-RF0000129,ACB-TXN00031084,ACB-C007387,2024-01-08,Unusual Geography,40735.44,Confirmed Fraud,13834.59,ML Model
ACB-RF0000130,ACB-TXN00031813,ACB-C009187,2025-07-23,Synthetic Identity,500.0,Confirmed Fraud,0.0,Customer Report
ACB-RF0000131,ACB-TXN00031836,ACB-C003850,2025-08-04,Unusual Geography,39.89,Confirmed Fraud,15.43,Customer Report
ACB-RF0000132,ACB-TXN00032810,ACB-C005483,2026-03-06,Structuring,278.02,False Positive,0.0,ML Model
ACB-RF0000133,ACB-TXN00033134,ACB-C000016,2023-03-14,Card Not Present,260.53,Confirmed Fraud,0.0,Customer Report
ACB-RF0000134,ACB-TXN00033649,ACB-C009128,2025-02-09,Transaction Velocity,646.64,Confirmed Fraud,0.0,Rules Engine
ACB-RF0000135,ACB-TXN00034407,ACB-C002939,2025-11-11,Transaction Velocity,22634.88,Confirmed Fraud,0.0,ML Model
ACB-RF0000136,ACB-TXN00034498,ACB-C007623,2026-03-23,Synthetic Identity,2782.51,False Positive,0.0,Rules Engine
ACB-RF0000137,ACB-TXN00034609,ACB-C011615,2025-12-02,Account Takeover,164.33,Confirmed Fraud,32.43,ML Model
ACB-RF0000138,ACB-TXN00034742,ACB-C004370,2025-05-27,Synthetic Identity,100.26,Confirmed Fraud,0.0,Rules Engine
ACB-RF0000139,ACB-TXN00034958,ACB-C008805,2023-04-15,Account Takeover,11315.04,False Positive,6677.05,Manual Review
ACB-RF0000140,ACB-TXN00035020,ACB-C011616,2025-04-18,Card Not Present,658.8,Confirmed Fraud,0.0,ML Model
ACB-RF0000141,ACB-TXN00035528,ACB-C011929,2025-06-05,Account Takeover,12653.13,Under Review,0.0,Rules Engine
ACB-RF0000142,ACB-TXN00036116,ACB-C006546,2025-09-13,Account Takeover,162.89,Confirmed Fraud,0.0,Customer Report
ACB-RF0000143,ACB-TXN00036770,ACB-C002809,2024-07-10,Card Not Present,9372.51,Confirmed Fraud,6929.13,ML Model
ACB-RF0000144,ACB-TXN00037088,ACB-C004645,2023-01-13,Identity Theft,100.0,Confirmed Fraud,26.1,Rules Engine
ACB-RF0000145,ACB-TXN00037203,ACB-C014053,2023-08-06,Synthetic Identity,28491.03,Pending,6936.32,Manual Review
ACB-RF0000146,ACB-TXN00037518,ACB-C000043,2026-02-10,Account Takeover,431.68,Confirmed Fraud,0.0,Manual Review
ACB-RF0000147,ACB-TXN00037778,ACB-C003494,2023-10-11,Card Not Present,5144.36,False Positive,0.0,Rules Engine
ACB-RF0000148,ACB-TXN00037800,ACB-C006541,2025-02-09,Identity Theft,101.52,Confirmed Fraud,13.34,Customer Report
ACB-RF0000149,ACB-TXN00037961,ACB-C014026,2026-03-29,Account Takeover,2982.06,False Positive,980.39,Customer Report
ACB-RF0000150,ACB-TXN00037972,ACB-C004653,2024-05-07,Synthetic Identity,33197.64,Confirmed Fraud,0.0,Customer Report
ACB-RF0000151,ACB-TXN00038348,ACB-C009490,2025-01-26,Synthetic Identity,21165.8,Under Review,0.0,Manual Review
ACB-RF0000152,ACB-TXN00038353,ACB-C011487,2024-11-20,Card Not Present,355.66,False Positive,0.0,Rules Engine
ACB-RF0000153,ACB-TXN00038574,ACB-C006493,2024-05-10,Money Laundering Suspicion,51.5,Under Review,21.01,Rules Engine
ACB-RF0000154,ACB-TXN00038658,ACB-C008858,2025-05-18,Account Takeover,71.12,Under Review,0.0,Manual Review
ACB-RF0000155,ACB-TXN00038762,ACB-C003570,2023-09-09,Account Takeover,3263.49,Under Review,0.0,Customer Report
ACB-RF0000156,ACB-TXN00039025,ACB-C014909,2023-09-23,Money Laundering Suspicion,334.33,Under Review,0.0,Rules Engine
ACB-RF0000157,ACB-TXN00039156,ACB-C005658,2024-03-15,Account Takeover,29987.56,Under Review,5512.79,ML Model
ACB-RF0000158,ACB-TXN00039249,ACB-C008532,2026-03-13,Identity Theft,6318.88,False Positive,0.0,Rules Engine
ACB-RF0000159,ACB-TXN00039276,ACB-C004856,2026-03-21,Identity Theft,1800.21,Confirmed Fraud,272.08,Rules Engine
ACB-RF0000160,ACB-TXN00039281,ACB-C005125,2023-03-02,Money Laundering Suspicion,101.91,False Positive,0.0,ML Model
ACB-RF0000161,ACB-TXN00039298,ACB-C005280,2025-08-16,Card Not Present,98.69,Confirmed Fraud,56.57,Rules Engine
ACB-RF0000162,ACB-TXN00039594,ACB-C012577,2024-04-26,Account Takeover,60.0,Confirmed Fraud,0.0,Rules Engine
ACB-RF0000163,ACB-TXN00040027,ACB-C004844,2023-06-12,Account Takeover,284.82,Confirmed Fraud,5.08,Customer Report
ACB-RF0000164,ACB-TXN00040424,ACB-C003547,2025-04-25,Card Not Present,72.16,Confirmed Fraud,0.0,Manual Review
ACB-RF0000165,ACB-TXN00040546,ACB-C006066,2025-05-17,Money Laundering Suspicion,1382.49,Confirmed Fraud,77.42,ML Model
ACB-RF0000166,ACB-TXN00040683,ACB-C004039,2023-04-30,Card Not Present,1786.85,Confirmed Fraud,0.0,Rules Engine
ACB-RF0000167,ACB-TXN00041137,ACB-C001348,2023-01-13,Transaction Velocity,1495.32,Pending,0.0,Rules Engine
ACB-RF0000168,ACB-TXN00041212,ACB-C001913,2025-09-11,Card Not Present,11254.72,Confirmed Fraud,3734.94,Rules Engine
ACB-RF0000169,ACB-TXN00041420,ACB-C009477,2024-01-29,Card Not Present,52.99,Confirmed Fraud,0.0,Rules Engine
ACB-RF0000170,ACB-TXN00042395,ACB-C001300,2025-05-21,Account Takeover,5010.12,Pending,3387.2,Manual Review
ACB-RF0000171,ACB-TXN00042627,ACB-C013013,2023-02-27,Synthetic Identity,284.1,Under Review,70.13,Rules Engine
ACB-RF0000172,ACB-TXN00042823,ACB-C008837,2023-01-01,Transaction Velocity,635.24,Under Review,0.0,Customer Report
ACB-RF0000173,ACB-TXN00043384,ACB-C014491,2023-07-22,Card Not Present,428.54,Confirmed Fraud,235.04,Rules Engine
ACB-RF0000174,ACB-TXN00043552,ACB-C014436,2025-06-29,Synthetic Identity,10151.22,Under Review,2701.0,Rules Engine
ACB-RF0000175,ACB-TXN00043724,ACB-C000735,2025-12-07,Synthetic Identity,20.22,Confirmed Fraud,19.07,Rules Engine
ACB-RF0000176,ACB-TXN00043785,ACB-C004282,2025-05-15,Account Takeover,231.71,Confirmed Fraud,0.0,ML Model
ACB-RF0000177,ACB-TXN00043800,ACB-C004100,2025-08-14,Transaction Velocity,11347.11,Under Review,10258.91,Customer Report
ACB-RF0000178,ACB-TXN00043931,ACB-C008310,2025-02-16,Unusual Geography,3582.88,Pending,0.0,Rules Engine
ACB-RF0000179,ACB-TXN00044925,ACB-C005697,2024-01-05,Account Takeover,103.12,Under Review,0.0,ML Model
ACB-RF0000180,ACB-TXN00044972,ACB-C006374,2024-03-22,Transaction Velocity,11091.13,Confirmed Fraud,0.0,Rules Engine
ACB-RF0000181,ACB-TXN00045347,ACB-C011642,2025-06-18,Card Not Present,1205.43,Under Review,0.0,ML Model
ACB-RF0000182,ACB-TXN00045396,ACB-C006215,2025-04-19,Synthetic Identity,12045.16,False Positive,0.0,ML Model
ACB-RF0000183,ACB-TXN00045677,ACB-C011036,2025-12-25,Identity Theft,130.16,Under Review,12.81,ML Model
ACB-RF0000184,ACB-TXN00045722,ACB-C012803,2026-01-26,Card Not Present,100725.84,Under Review,0.0,Rules Engine
ACB-RF0000185,ACB-TXN00045746,ACB-C010688,2025-07-26,Synthetic Identity,218.93,Under Review,0.0,ML Model
ACB-RF0000186,ACB-TXN00045807,ACB-C007495,2025-01-09,Account Takeover,78134.75,Pending,50415.7,Manual Review
ACB-RF0000187,ACB-TXN00046063,ACB-C003991,2024-10-29,Synthetic Identity,11934.14,Confirmed Fraud,1402.5,Rules Engine
ACB-RF0000188,ACB-TXN00046821,ACB-C003161,2025-02-26,Account Takeover,18.56,False Positive,0.0,Rules Engine
ACB-RF0000189,ACB-TXN00046920,ACB-C012972,2025-10-21,Card Not Present,185.23,False Positive,56.18,Customer Report
ACB-RF0000190,ACB-TXN00046994,ACB-C002569,2025-09-09,Account Takeover,147.58,Confirmed Fraud,0.0,Rules Engine
ACB-RF0000191,ACB-TXN00047216,ACB-C011018,2024-10-15,Unusual Geography,49716.58,False Positive,0.0,Rules Engine
ACB-RF0000192,ACB-TXN00047251,ACB-C007904,2024-06-22,Card Not Present,38999.67,Pending,0.0,Customer Report
ACB-RF0000193,ACB-TXN00047491,ACB-C007336,2023-09-25,Card Not Present,163.0,Confirmed Fraud,0.0,Manual Review
ACB-RF0000194,ACB-TXN00047903,ACB-C009110,2025-01-06,Card Not Present,12298.34,Confirmed Fraud,0.0,ML Model
ACB-RF0000195,ACB-TXN00048433,ACB-C014916,2025-07-09,Money Laundering Suspicion,11976.66,Confirmed Fraud,0.0,Manual Review
ACB-RF0000196,ACB-TXN00048920,ACB-C012268,2025-07-21,Synthetic Identity,72.9,Under Review,0.0,Manual Review
ACB-RF0000197,ACB-TXN00049005,ACB-C002917,2026-02-18,Identity Theft,21.6,False Positive,16.08,Rules Engine
ACB-RF0000198,ACB-TXN00049570,ACB-C007121,2023-05-14,Transaction Velocity,21941.61,Under Review,0.0,Rules Engine
ACB-RF0000199,ACB-TXN00050124,ACB-C003782,2025-11-10,Synthetic Identity,9039.15,Pending,0.0,Rules Engine
ACB-RF0000200,ACB-TXN00050306,ACB-C007753,2025-04-03,Account Takeover,54428.51,Confirmed Fraud,28072.56,Customer Report
ACB-RF0000201,ACB-TXN00050323,ACB-C000198,2024-04-07,Money Laundering Suspicion,117.23,Under Review,9.22,Customer Report
ACB-RF0000202,ACB-TXN00050407,ACB-C014907,2025-10-20,Card Not Present,175.28,Pending,0.0,ML Model
ACB-RF0000203,ACB-TXN00050602,ACB-C008557,2023-04-12,Card Not Present,26.21,Confirmed Fraud,0.0,Customer Report
ACB-RF0000204,ACB-TXN00051414,ACB-C011255,2023-05-02,Account Takeover,19333.75,Under Review,10397.46,Rules Engine
ACB-RF0000205,ACB-TXN00051666,ACB-C004439,2024-05-27,Money Laundering Suspicion,66.77,Under Review,0.0,Customer Report
ACB-RF0000206,ACB-TXN00051824,ACB-C003059,2023-04-25,Transaction Velocity,2185.06,Under Review,0.0,Rules Engine
ACB-RF0000207,ACB-TXN00052764,ACB-C002212,2025-07-12,Identity Theft,59915.25,Confirmed Fraud,19649.74,Rules Engine
ACB-RF0000208,ACB-TXN00053697,ACB-C009900,2025-12-15,Transaction Velocity,103.56,Confirmed Fraud,0.0,ML Model
ACB-RF0000209,ACB-TXN00054044,ACB-C002888,2023-02-25,Card Not Present,90.82,False Positive,0.0,ML Model
ACB-RF0000210,ACB-TXN00054097,ACB-C005833,2025-02-15,Money Laundering Suspicion,958.92,False Positive,0.0,ML Model
ACB-RF0000211,ACB-TXN00054116,ACB-C001352,2024-07-05,Card Not Present,223029.13,Under Review,194930.98,ML Model
ACB-RF0000212,ACB-TXN00054173,ACB-C009363,2023-02-27,Account Takeover,20855.11,False Positive,0.0,Rules Engine
ACB-RF0000213,ACB-TXN00054517,ACB-C002973,2025-09-19,Account Takeover,23550.87,Confirmed Fraud,17907.91,Manual Review
ACB-RF0000214,ACB-TXN00054552,ACB-C014007,2023-07-26,Transaction Velocity,11304.55,False Positive,0.0,Manual Review
ACB-RF0000215,ACB-TXN00054686,ACB-C011847,2024-01-11,Account Takeover,23550.17,Confirmed Fraud,0.0,Manual Review
ACB-RF0000216,ACB-TXN00054817,ACB-C004134,2024-03-10,Card Not Present,18.49,Under Review,0.0,Manual Review
ACB-RF0000217,ACB-TXN00054920,ACB-C011590,2023-04-07,Transaction Velocity,316.14,False Positive,43.56,Rules Engine
ACB-RF0000218,ACB-TXN00054940,ACB-C002675,2025-08-15,Transaction Velocity,87.19,Under Review,38.52,Rules Engine
ACB-RF0000219,ACB-TXN00055088,ACB-C008427,2024-08-12,Identity Theft,302.02,Confirmed Fraud,0.0,Rules Engine
ACB-RF0000220,ACB-TXN00056248,ACB-C004371,2023-09-08,Card Not Present,51.31,Under Review,0.0,ML Model
ACB-RF0000221,ACB-TXN00056444,ACB-C010728,2025-09-15,Transaction Velocity,1043.54,Pending,976.87,Rules Engine
ACB-RF0000222,ACB-TXN00057003,ACB-C004282,2025-02-12,Account Takeover,80.0,Confirmed Fraud,7.97,Customer Report
ACB-RF0000223,ACB-TXN00057125,ACB-C004771,2026-02-07,Unusual Geography,15231.67,False Positive,0.0,Rules Engine
ACB-RF0000224,ACB-TXN00057127,ACB-C009082,2025-05-26,Card Not Present,40.0,Under Review,0.0,Rules Engine
ACB-RF0000225,ACB-TXN00057860,ACB-C012729,2024-08-23,Card Not Present,432.91,Confirmed Fraud,359.47,Rules Engine
ACB-RF0000226,ACB-TXN00058494,ACB-C005264,2023-01-26,Identity Theft,80.58,Under Review,0.0,ML Model
ACB-RF0000227,ACB-TXN00058917,ACB-C011879,2024-07-30,Identity Theft,78445.21,Confirmed Fraud,0.0,ML Model
ACB-RF0000228,ACB-TXN00058932,ACB-C004940,2023-12-03,Transaction Velocity,128.48,Under Review,20.8,Rules Engine
ACB-RF0000229,ACB-TXN00059179,ACB-C001377,2023-05-07,Card Not Present,90.09,Under Review,0.0,Manual Review
ACB-RF0000230,ACB-TXN00059937,ACB-C008190,2024-02-24,Account Takeover,76.67,False Positive,0.0,ML Model
ACB-RF0000231,ACB-TXN00060226,ACB-C001184,2024-11-01,Card Not Present,304.65,False Positive,165.97,ML Model
ACB-RF0000232,ACB-TXN00060313,ACB-C002770,2023-06-12,Card Not Present,66411.97,Under Review,56177.34,Rules Engine
ACB-RF0000233,ACB-TXN00060463,ACB-C014453,2023-10-27,Identity Theft,832.23,Confirmed Fraud,0.0,Manual Review
ACB-RF0000234,ACB-TXN00060546,ACB-C005395,2025-12-23,Transaction Velocity,620.66,Confirmed Fraud,0.0,Customer Report
ACB-RF0000235,ACB-TXN00060801,ACB-C011815,2023-12-30,Account Takeover,153.78,Confirmed Fraud,0.0,ML Model
ACB-RF0000236,ACB-TXN00060868,ACB-C004814,2024-01-15,Identity Theft,589.4,False Positive,171.76,Manual Review
ACB-RF0000237,ACB-TXN00061202,ACB-C001774,2023-03-17,Account Takeover,18004.04,Under Review,0.0,Customer Report
ACB-RF0000238,ACB-TXN00061213,ACB-C012789,2023-03-03,Transaction Velocity,1034.74,Under Review,0.0,Rules Engine
ACB-RF0000239,ACB-TXN00061600,ACB-C014660,2025-09-15,Account Takeover,86803.01,Pending,0.0,Rules Engine
ACB-RF0000240,ACB-TXN00061613,ACB-C009692,2023-11-06,Card Not Present,589.92,Pending,0.0,ML Model
ACB-RF0000241,ACB-TXN00061890,ACB-C004504,2026-02-13,Account Takeover,258237.19,Under Review,132464.67,Customer Report
ACB-RF0000242,ACB-TXN00061990,ACB-C005383,2024-10-07,Money Laundering Suspicion,19825.15,Confirmed Fraud,0.0,Rules Engine
ACB-RF0000243,ACB-TXN00062315,ACB-C009876,2024-02-15,Card Not Present,59.21,Under Review,0.0,ML Model
ACB-RF0000244,ACB-TXN00062584,ACB-C003803,2026-03-09,Unusual Geography,7450.2,Under Review,1274.53,ML Model
ACB-RF0000245,ACB-TXN00063461,ACB-C012689,2024-12-25,Transaction Velocity,14.78,False Positive,0.0,Customer Report
ACB-RF0000246,ACB-TXN00064134,ACB-C011709,2023-10-16,Identity Theft,14248.65,Confirmed Fraud,3314.82,Customer Report
ACB-RF0000247,ACB-TXN00064219,ACB-C004417,2023-03-23,Card Not Present,154.24,False Positive,119.69,ML Model
ACB-RF0000248,ACB-TXN00064263,ACB-C007137,2023-09-23,Synthetic Identity,500.0,Pending,0.0,ML Model
ACB-RF0000249,ACB-TXN00064318,ACB-C014534,2025-07-11,Account Takeover,55.16,Confirmed Fraud,52.38,ML Model
ACB-RF0000250,ACB-TXN00064412,ACB-C014985,2024-02-13,Identity Theft,42629.84,Confirmed Fraud,0.0,Customer Report
ACB-RF0000251,ACB-TXN00064507,ACB-C003484,2025-12-30,Transaction Velocity,605.81,False Positive,350.52,Rules Engine
ACB-RF0000252,ACB-TXN00065256,ACB-C005699,2023-07-10,Account Takeover,180097.19,Confirmed Fraud,96221.8,Rules Engine
ACB-RF0000253,ACB-TXN00065678,ACB-C010042,2024-05-19,Card Not Present,232.69,Under Review,0.0,Rules Engine
ACB-RF0000254,ACB-TXN00065747,ACB-C001040,2023-09-25,Card Not Present,628.75,Confirmed Fraud,0.0,Manual Review
ACB-RF0000255,ACB-TXN00066001,ACB-C001156,2024-08-22,Unusual Geography,15904.72,Confirmed Fraud,0.0,Customer Report
ACB-RF0000256,ACB-TXN00066356,ACB-C011265,2024-03-29,Account Takeover,2084.29,Pending,561.92,Rules Engine
ACB-RF0000257,ACB-TXN00066367,ACB-C013784,2023-10-28,Identity Theft,2403.63,Under Review,0.0,Rules Engine
ACB-RF0000258,ACB-TXN00066475,ACB-C007047,2025-05-14,Money Laundering Suspicion,150.29,Under Review,0.0,Rules Engine
ACB-RF0000259,ACB-TXN00066731,ACB-C013447,2024-01-11,Identity Theft,138.74,Confirmed Fraud,0.0,Rules Engine
ACB-RF0000260,ACB-TXN00067109,ACB-C007586,2026-03-31,Account Takeover,60.0,Under Review,0.0,Manual Review
ACB-RF0000261,ACB-TXN00067203,ACB-C010506,2023-07-12,Card Not Present,698.51,Confirmed Fraud,640.74,Rules Engine
ACB-RF0000262,ACB-TXN00067308,ACB-C001515,2024-05-12,Card Not Present,618.43,Confirmed Fraud,0.0,ML Model
ACB-RF0000263,ACB-TXN00067402,ACB-C009579,2023-03-09,Synthetic Identity,884.96,Under Review,525.16,Rules Engine
ACB-RF0000264,ACB-TXN00067536,ACB-C004245,2025-11-03,Identity Theft,619.23,Pending,0.0,ML Model
ACB-RF0000265,ACB-TXN00067540,ACB-C013895,2023-09-05,Synthetic Identity,1659.03,False Positive,0.0,Rules Engine
ACB-RF0000266,ACB-TXN00067569,ACB-C002527,2025-04-25,Transaction Velocity,5263.36,Under Review,0.0,Rules Engine
ACB-RF0000267,ACB-TXN00067681,ACB-C004666,2024-09-26,Synthetic Identity,267.31,Under Review,0.0,Rules Engine
ACB-RF0000268,ACB-TXN00067931,ACB-C012539,2024-12-21,Account Takeover,25.57,Confirmed Fraud,18.25,ML Model
ACB-RF0000269,ACB-TXN00068023,ACB-C006722,2023-05-13,Identity Theft,139.85,Under Review,0.0,Manual Review
ACB-RF0000270,ACB-TXN00068073,ACB-C009483,2023-09-15,Unusual Geography,161529.82,Pending,0.0,ML Model
ACB-RF0000271,ACB-TXN00068229,ACB-C000935,2023-03-29,Transaction Velocity,37287.87,Pending,2278.03,ML Model
ACB-RF0000272,ACB-TXN00068289,ACB-C004707,2025-10-24,Transaction Velocity,42.42,False Positive,28.83,Customer Report
ACB-RF0000273,ACB-TXN00068706,ACB-C007420,2025-08-10,Account Takeover,22.62,False Positive,21.09,ML Model
ACB-RF0000274,ACB-TXN00068957,ACB-C010633,2024-05-01,Card Not Present,16417.88,False Positive,0.0,Rules Engine
ACB-RF0000275,ACB-TXN00069100,ACB-C014822,2023-05-18,Card Not Present,16367.84,Confirmed Fraud,0.0,Customer Report
ACB-RF0000276,ACB-TXN00069847,ACB-C010719,2024-05-04,Identity Theft,20.07,False Positive,0.0,Rules Engine
ACB-RF0000277,ACB-TXN00070738,ACB-C005005,2025-02-17,Card Not Present,247.57,False Positive,0.0,Rules Engine
ACB-RF0000278,ACB-TXN00071261,ACB-C012253,2025-08-17,Transaction Velocity,18418.82,Confirmed Fraud,15448.63,Manual Review
ACB-RF0000279,ACB-TXN00071362,ACB-C001514,2023-04-02,Account Takeover,15390.06,Confirmed Fraud,5227.92,Customer Report
ACB-RF0000280,ACB-TXN00071479,ACB-C011070,2026-01-27,Transaction Velocity,31419.26,Under Review,0.0,ML Model
ACB-RF0000281,ACB-TXN00071837,ACB-C006266,2023-03-06,Identity Theft,13130.68,Confirmed Fraud,4207.71,ML Model
ACB-RF0000282,ACB-TXN00072258,ACB-C011262,2025-08-20,Card Not Present,100.0,Confirmed Fraud,0.0,Rules Engine
ACB-RF0000283,ACB-TXN00072417,ACB-C013033,2023-08-02,Synthetic Identity,38539.13,Under Review,33454.99,Manual Review
ACB-RF0000284,ACB-TXN00072688,ACB-C000973,2023-09-29,Card Not Present,694.28,Confirmed Fraud,0.0,Rules Engine
ACB-RF0000285,ACB-TXN00072732,ACB-C013748,2025-12-20,Account Takeover,38.36,Under Review,29.38,Customer Report
ACB-RF0000286,ACB-TXN00073779,ACB-C004988,2023-09-17,Transaction Velocity,52078.45,Pending,0.0,ML Model
ACB-RF0000287,ACB-TXN00074382,ACB-C002029,2023-01-19,Unusual Geography,153.86,Under Review,56.05,Rules Engine
ACB-RF0000288,ACB-TXN00074472,ACB-C000303,2023-11-26,Account Takeover,57.35,Confirmed Fraud,34.59,Customer Report
ACB-RF0000289,ACB-TXN00074603,ACB-C002985,2023-03-17,Money Laundering Suspicion,58.16,Pending,0.0,Rules Engine
ACB-RF0000290,ACB-TXN00075073,ACB-C012560,2024-01-21,Card Not Present,124231.32,False Positive,78926.61,Manual Review
ACB-RF0000291,ACB-TXN00075139,ACB-C000718,2023-12-18,Card Not Present,745.76,Under Review,0.0,Customer Report
ACB-RF0000292,ACB-TXN00076271,ACB-C008801,2025-10-10,Identity Theft,24402.72,Confirmed Fraud,13850.73,Manual Review
ACB-RF0000293,ACB-TXN00076784,ACB-C008608,2025-10-07,Identity Theft,80.0,Confirmed Fraud,69.03,Rules Engine
ACB-RF0000294,ACB-TXN00077164,ACB-C007371,2023-05-30,Transaction Velocity,60.53,Confirmed Fraud,0.0,ML Model
ACB-RF0000295,ACB-TXN00077496,ACB-C004245,2025-07-26,Identity Theft,13519.6,Confirmed Fraud,1569.38,Rules Engine
ACB-RF0000296,ACB-TXN00077718,ACB-C004958,2026-02-23,Transaction Velocity,200.0,False Positive,0.0,Rules Engine
ACB-RF0000297,ACB-TXN00077801,ACB-C012986,2024-12-24,Identity Theft,2946.0,Under Review,0.0,ML Model
ACB-RF0000298,ACB-TXN00078250,ACB-C010503,2026-02-01,Transaction Velocity,15.5,False Positive,1.66,Rules Engine
ACB-RF0000299,ACB-TXN00078306,ACB-C002583,2023-05-04,Synthetic Identity,12020.3,Confirmed Fraud,6386.04,Manual Review
ACB-RF0000300,ACB-TXN00078509,ACB-C007522,2025-08-02,Account Takeover,33254.1,Confirmed Fraud,0.0,Rules Engine
ACB-RF0000301,ACB-TXN00078530,ACB-C002589,2024-04-17,Transaction Velocity,181.61,False Positive,0.0,ML Model
ACB-RF0000302,ACB-TXN00078790,ACB-C008362,2025-10-11,Transaction Velocity,5.14,Under Review,0.0,Rules Engine
ACB-RF0000303,ACB-TXN00078979,ACB-C006800,2024-08-10,Identity Theft,615.23,False Positive,280.82,Customer Report
ACB-RF0000304,ACB-TXN00079047,ACB-C001314,2024-11-28,Account Takeover,319.67,Confirmed Fraud,0.0,ML Model
ACB-RF0000305,ACB-TXN00079149,ACB-C013028,2024-04-10,Card Not Present,11.76,False Positive,0.0,Rules Engine
ACB-RF0000306,ACB-TXN00079165,ACB-C014613,2024-09-06,Transaction Velocity,74.46,False Positive,0.0,ML Model
ACB-RF0000307,ACB-TXN00079255,ACB-C001867,2025-02-04,Account Takeover,49.94,Pending,0.0,ML Model
ACB-RF0000308,ACB-TXN00079272,ACB-C011979,2025-09-13,Identity Theft,5855.34,Confirmed Fraud,0.0,Rules Engine
ACB-RF0000309,ACB-TXN00079347,ACB-C005047,2023-10-29,Card Not Present,60.0,False Positive,35.47,Rules Engine
ACB-RF0000310,ACB-TXN00079476,ACB-C002848,2024-06-03,Account Takeover,122.88,Confirmed Fraud,0.0,ML Model
ACB-RF0000311,ACB-TXN00079941,ACB-C014795,2023-01-05,Account Takeover,358.33,Confirmed Fraud,113.36,Rules Engine
ACB-RF0000312,ACB-TXN00080223,ACB-C013159,2024-11-06,Account Takeover,100.55,Confirmed Fraud,25.98,Manual Review
ACB-RF0000313,ACB-TXN00080771,ACB-C010526,2024-08-08,Synthetic Identity,23.36,Under Review,18.4,Rules Engine
ACB-RF0000314,ACB-TXN00081094,ACB-C009916,2025-11-26,Transaction Velocity,389.75,Confirmed Fraud,346.38,ML Model
ACB-RF0000315,ACB-TXN00081519,ACB-C004564,2025-04-12,Account Takeover,39.46,Confirmed Fraud,15.24,Rules Engine
ACB-RF0000316,ACB-TXN00081712,ACB-C000705,2023-06-15,Identity Theft,50.19,Pending,0.0,Rules Engine
ACB-RF0000317,ACB-TXN00082251,ACB-C010269,2026-03-25,Identity Theft,19109.8,Under Review,16628.76,Rules Engine
ACB-RF0000318,ACB-TXN00082411,ACB-C011766,2026-01-08,Identity Theft,10627.79,Under Review,0.0,Manual Review
ACB-RF0000319,ACB-TXN00082730,ACB-C007200,2026-01-27,Synthetic Identity,3259.0,False Positive,0.0,Rules Engine
ACB-RF0000320,ACB-TXN00083047,ACB-C013791,2025-04-01,Card Not Present,7203.11,Under Review,0.0,Manual Review
ACB-RF0000321,ACB-TXN00083596,ACB-C008126,2023-10-27,Identity Theft,242.71,False Positive,35.43,Rules Engine
ACB-RF0000322,ACB-TXN00083702,ACB-C010499,2025-05-28,Card Not Present,74.12,Confirmed Fraud,41.93,Rules Engine
ACB-RF0000323,ACB-TXN00083815,ACB-C011755,2026-03-10,Synthetic Identity,1691.82,Confirmed Fraud,0.0,Rules Engine
ACB-RF0000324,ACB-TXN00083917,ACB-C012309,2025-06-12,Synthetic Identity,7019.0,Confirmed Fraud,0.0,ML Model
ACB-RF0000325,ACB-TXN00084125,ACB-C007570,2025-10-29,Unusual Geography,517.58,False Positive,0.0,Rules Engine
ACB-RF0000326,ACB-TXN00084392,ACB-C009247,2025-06-02,Card Not Present,796.63,Pending,0.0,Rules Engine
ACB-RF0000327,ACB-TXN00084404,ACB-C009945,2024-03-08,Identity Theft,291.95,Confirmed Fraud,103.16,Rules Engine
ACB-RF0000328,ACB-TXN00084429,ACB-C003901,2026-02-23,Identity Theft,2.8,Confirmed Fraud,0.39,Rules Engine
ACB-RF0000329,ACB-TXN00084580,ACB-C004759,2025-12-06,Identity Theft,26.01,Confirmed Fraud,9.86,Manual Review
ACB-RF0000330,ACB-TXN00084614,ACB-C003933,2025-07-24,Account Takeover,7887.52,Pending,0.0,ML Model
ACB-RF0000331,ACB-TXN00084809,ACB-C009810,2024-11-28,Transaction Velocity,72.49,Pending,27.78,Manual Review
ACB-RF0000332,ACB-TXN00085062,ACB-C014902,2023-08-23,Transaction Velocity,665.24,False Positive,0.0,Rules Engine
ACB-RF0000333,ACB-TXN00085484,ACB-C005420,2023-02-16,Account Takeover,113.15,Confirmed Fraud,0.0,ML Model
ACB-RF0000334,ACB-TXN00085513,ACB-C012558,2024-02-09,Account Takeover,5315.97,Under Review,2950.49,ML Model
ACB-RF0000335,ACB-TXN00085686,ACB-C014967,2025-12-07,Transaction Velocity,62.27,Confirmed Fraud,0.0,Manual Review
ACB-RF0000336,ACB-TXN00085789,ACB-C005358,2025-11-01,Synthetic Identity,101.33,False Positive,0.0,Manual Review
ACB-RF0000337,ACB-TXN00085978,ACB-C007926,2023-12-08,Synthetic Identity,1997.0,False Positive,0.0,ML Model
ACB-RF0000338,ACB-TXN00086111,ACB-C012103,2023-01-01,Card Not Present,81.55,False Positive,51.91,Manual Review
ACB-RF0000339,ACB-TXN00086240,ACB-C001550,2024-12-26,Identity Theft,75536.91,Confirmed Fraud,48838.03,Rules Engine
ACB-RF0000340,ACB-TXN00086649,ACB-C002871,2023-12-10,Card Not Present,48.33,False Positive,0.0,Customer Report
ACB-RF0000341,ACB-TXN00086658,ACB-C011487,2025-12-07,Account Takeover,59.35,Confirmed Fraud,0.0,Rules Engine
ACB-RF0000342,ACB-TXN00086742,ACB-C008250,2024-08-21,Money Laundering Suspicion,6288.85,Confirmed Fraud,0.0,Rules Engine
ACB-RF0000343,ACB-TXN00086780,ACB-C008504,2024-03-07,Synthetic Identity,923.87,False Positive,0.0,Rules Engine
ACB-RF0000344,ACB-TXN00086846,ACB-C005150,2023-09-25,Account Takeover,17.11,Under Review,0.0,Rules Engine
ACB-RF0000345,ACB-TXN00086886,ACB-C001310,2024-11-23,Synthetic Identity,402.49,Confirmed Fraud,0.0,ML Model
ACB-RF0000346,ACB-TXN00087014,ACB-C014550,2025-08-27,Transaction Velocity,31097.05,Pending,27954.54,ML Model
ACB-RF0000347,ACB-TXN00087035,ACB-C005482,2024-09-01,Card Not Present,502.03,Pending,0.0,Rules Engine
ACB-RF0000348,ACB-TXN00087038,ACB-C006618,2025-02-18,Money Laundering Suspicion,116.06,Pending,32.65,Rules Engine
ACB-RF0000349,ACB-TXN00087467,ACB-C012168,2025-11-11,Account Takeover,6840.93,Under Review,0.0,Rules Engine
ACB-RF0000350,ACB-TXN00087589,ACB-C010706,2025-03-19,Account Takeover,126.94,Confirmed Fraud,0.0,ML Model
ACB-RF0000351,ACB-TXN00087758,ACB-C005528,2025-01-27,Identity Theft,227.55,Confirmed Fraud,0.0,Rules Engine
ACB-RF0000352,ACB-TXN00087861,ACB-C001320,2023-09-25,Card Not Present,7835.76,Confirmed Fraud,5356.73,Manual Review
ACB-RF0000353,ACB-TXN00087952,ACB-C009145,2025-05-22,Account Takeover,16.81,Confirmed Fraud,9.12,ML Model
ACB-RF0000354,ACB-TXN00088586,ACB-C004733,2023-11-11,Card Not Present,133.46,False Positive,39.3,Rules Engine
ACB-RF0000355,ACB-TXN00088667,ACB-C006730,2023-10-10,Account Takeover,17953.41,Under Review,0.0,Rules Engine
ACB-RF0000356,ACB-TXN00088729,ACB-C006405,2025-05-30,Identity Theft,27.85,False Positive,0.0,ML Model
ACB-RF0000357,ACB-TXN00088745,ACB-C006455,2023-01-22,Synthetic Identity,247990.63,Under Review,0.0,Rules Engine
ACB-RF0000358,ACB-TXN00088814,ACB-C006641,2023-04-09,Card Not Present,300.0,Confirmed Fraud,199.55,ML Model
ACB-RF0000359,ACB-TXN00088910,ACB-C007728,2024-12-31,Synthetic Identity,205.3,Confirmed Fraud,89.32,Rules Engine
ACB-RF0000360,ACB-TXN00088945,ACB-C006250,2024-01-02,Money Laundering Suspicion,7620.43,Pending,51.17,ML Model
ACB-RF0000361,ACB-TXN00089743,ACB-C013689,2024-04-25,Card Not Present,60.3,Confirmed Fraud,47.01,Rules Engine
ACB-RF0000362,ACB-TXN00089964,ACB-C008374,2023-03-28,Account Takeover,154650.11,Under Review,122142.55,Rules Engine
ACB-RF0000363,ACB-TXN00090451,ACB-C013019,2023-08-02,Unusual Geography,795.8,Under Review,0.0,ML Model
ACB-RF0000364,ACB-TXN00090859,ACB-C008764,2023-11-09,Unusual Geography,88950.13,False Positive,0.0,Rules Engine
ACB-RF0000365,ACB-TXN00090881,ACB-C003083,2025-07-03,Account Takeover,1324.2,Confirmed Fraud,46.55,Customer Report
ACB-RF0000366,ACB-TXN00090932,ACB-C010575,2024-03-16,Transaction Velocity,75484.84,Confirmed Fraud,65403.97,Rules Engine
ACB-RF0000367,ACB-TXN00091744,ACB-C007487,2025-10-14,Synthetic Identity,1165.98,Under Review,421.68,Customer Report
ACB-RF0000368,ACB-TXN00092235,ACB-C001548,2025-08-17,Identity Theft,181.63,Confirmed Fraud,171.19,Rules Engine
ACB-RF0000369,ACB-TXN00092557,ACB-C012534,2023-07-01,Synthetic Identity,50.85,False Positive,24.65,Rules Engine
ACB-RF0000370,ACB-TXN00092787,ACB-C003634,2025-12-04,Account Takeover,100.0,Under Review,0.0,ML Model
ACB-RF0000371,ACB-TXN00092791,ACB-C000811,2023-05-06,Card Not Present,299.55,False Positive,140.7,Rules Engine
ACB-RF0000372,ACB-TXN00092822,ACB-C006153,2023-07-27,Identity Theft,477.38,False Positive,7.02,Customer Report
ACB-RF0000373,ACB-TXN00092993,ACB-C009955,2025-08-10,Card Not Present,16542.16,False Positive,0.0,Manual Review
ACB-RF0000374,ACB-TXN00093506,ACB-C005640,2023-08-22,Structuring,822.64,Confirmed Fraud,0.0,ML Model
ACB-RF0000375,ACB-TXN00094029,ACB-C003403,2025-05-14,Transaction Velocity,133170.16,Confirmed Fraud,48524.57,Manual Review
ACB-RF0000376,ACB-TXN00094468,ACB-C009693,2023-06-24,Synthetic Identity,80.0,False Positive,0.0,Rules Engine
ACB-RF0000377,ACB-TXN00094588,ACB-C005287,2024-12-05,Unusual Geography,127449.58,Under Review,0.0,Customer Report
ACB-RF0000378,ACB-TXN00094697,ACB-C009765,2025-09-27,Identity Theft,62870.05,Pending,0.0,ML Model
ACB-RF0000379,ACB-TXN00094833,ACB-C002538,2024-09-21,Card Not Present,52.87,Under Review,46.38,Rules Engine
ACB-RF0000380,ACB-TXN00095197,ACB-C012139,2024-01-30,Money Laundering Suspicion,134.67,Confirmed Fraud,99.41,ML Model
ACB-RF0000381,ACB-TXN00095511,ACB-C006396,2023-01-04,Account Takeover,748.2,Confirmed Fraud,554.4,Rules Engine
ACB-RF0000382,ACB-TXN00095568,ACB-C010019,2025-01-27,Account Takeover,243.49,Under Review,0.0,Rules Engine
ACB-RF0000383,ACB-TXN00095640,ACB-C009494,2023-04-14,Synthetic Identity,35.85,Under Review,28.86,Rules Engine
ACB-RF0000384,ACB-TXN00096003,ACB-C012713,2026-03-29,Money Laundering Suspicion,36383.85,Pending,0.0,ML Model
ACB-RF0000385,ACB-TXN00096012,ACB-C006448,2026-03-05,Transaction Velocity,421.86,False Positive,209.24,Rules Engine
ACB-RF0000386,ACB-TXN00096242,ACB-C004892,2024-09-20,Unusual Geography,500.0,Under Review,309.81,Rules Engine
ACB-RF0000387,ACB-TXN00096280,ACB-C000394,2024-04-23,Synthetic Identity,14087.52,Under Review,0.0,ML Model
ACB-RF0000388,ACB-TXN00096374,ACB-C009793,2025-07-18,Card Not Present,1653.39,Under Review,145.91,Rules Engine
ACB-RF0000389,ACB-TXN00097113,ACB-C005244,2026-03-21,Identity Theft,60.78,False Positive,0.0,Rules Engine
ACB-RF0000390,ACB-TXN00097869,ACB-C004025,2024-08-07,Identity Theft,151.79,Under Review,1.31,Rules Engine
ACB-RF0000391,ACB-TXN00097962,ACB-C012370,2023-10-15,Unusual Geography,1864.38,Confirmed Fraud,851.06,Rules Engine
ACB-RF0000392,ACB-TXN00098161,ACB-C012469,2023-12-24,Identity Theft,1767.06,Confirmed Fraud,1274.51,Customer Report
ACB-RF0000393,ACB-TXN00098334,ACB-C012908,2024-01-30,Account Takeover,502.22,Confirmed Fraud,389.22,ML Model
ACB-RF0000394,ACB-TXN00099053,ACB-C005273,2025-10-28,Card Not Present,702.31,Under Review,0.0,Rules Engine
ACB-RF0000395,ACB-TXN00099922,ACB-C003480,2024-01-27,Card Not Present,143.91,Confirmed Fraud,29.32,ML Model
ACB-RF0000396,ACB-TXN00099969,ACB-C008631,2025-07-15,Card Not Present,6737.51,Confirmed Fraud,0.0,Rules Engine
ACB-RF0000397,ACB-TXN00100559,ACB-C003833,2024-11-07,Card Not Present,118353.69,Under Review,0.0,Manual Review
ACB-RF0000398,ACB-TXN00100684,ACB-C010615,2023-03-09,Account Takeover,135.67,False Positive,0.0,Rules Engine
ACB-RF0000399,ACB-TXN00100988,ACB-C012097,2023-02-26,Card Not Present,76.03,Under Review,65.91,Customer Report
ACB-RF0000400,ACB-TXN00101009,ACB-C009413,2023-08-09,Card Not Present,287.59,Confirmed Fraud,184.09,ML Model
ACB-RF0000401,ACB-TXN00101614,ACB-C006141,2024-10-05,Synthetic Identity,6968.05,Confirmed Fraud,3868.71,Rules Engine
ACB-RF0000402,ACB-TXN00102061,ACB-C001363,2023-01-20,Account Takeover,104.56,Confirmed Fraud,0.0,ML Model
ACB-RF0000403,ACB-TXN00102334,ACB-C000972,2024-07-22,Account Takeover,90321.77,Pending,0.0,Rules Engine
ACB-RF0000404,ACB-TXN00102720,ACB-C009188,2023-11-22,Unusual Geography,48.03,False Positive,4.81,Rules Engine
ACB-RF0000405,ACB-TXN00103024,ACB-C012146,2026-01-13,Account Takeover,1068.76,Confirmed Fraud,0.0,ML Model
ACB-RF0000406,ACB-TXN00103414,ACB-C005049,2026-01-01,Synthetic Identity,131.38,False Positive,0.0,Manual Review
ACB-RF0000407,ACB-TXN00103750,ACB-C003875,2025-10-22,Synthetic Identity,127.75,Confirmed Fraud,0.0,Manual Review
ACB-RF0000408,ACB-TXN00104063,ACB-C008028,2023-12-15,Synthetic Identity,214.69,Confirmed Fraud,167.08,Manual Review
ACB-RF0000409,ACB-TXN00104085,ACB-C009715,2024-12-20,Structuring,262.9,Under Review,139.51,Rules Engine
ACB-RF0000410,ACB-TXN00104106,ACB-C000151,2023-02-11,Transaction Velocity,100.0,Pending,28.78,Rules Engine
ACB-RF0000411,ACB-TXN00104212,ACB-C012214,2024-06-14,Account Takeover,69057.57,Under Review,0.0,Customer Report
ACB-RF0000412,ACB-TXN00104767,ACB-C013932,2023-10-07,Unusual Geography,74.38,Under Review,0.0,Rules Engine
ACB-RF0000413,ACB-TXN00104789,ACB-C011013,2025-03-01,Synthetic Identity,152.42,Pending,0.0,Rules Engine
ACB-RF0000414,ACB-TXN00105021,ACB-C010134,2024-07-21,Card Not Present,1333.52,Under Review,0.0,Customer Report
ACB-RF0000415,ACB-TXN00105353,ACB-C007201,2024-07-22,Identity Theft,102.99,False Positive,0.0,Rules Engine
ACB-RF0000416,ACB-TXN00105565,ACB-C011861,2025-02-01,Money Laundering Suspicion,3283.66,Confirmed Fraud,0.0,Rules Engine
ACB-RF0000417,ACB-TXN00106037,ACB-C000342,2024-06-07,Account Takeover,1458.18,Under Review,402.97,Rules Engine
ACB-RF0000418,ACB-TXN00106428,ACB-C007494,2025-08-17,Account Takeover,704.08,Under Review,0.0,ML Model
ACB-RF0000419,ACB-TXN00106690,ACB-C004611,2025-10-15,Card Not Present,34.43,Confirmed Fraud,8.95,Rules Engine
ACB-RF0000420,ACB-TXN00106777,ACB-C008187,2024-12-29,Synthetic Identity,62.26,Under Review,0.0,Rules Engine
ACB-RF0000421,ACB-TXN00107289,ACB-C005584,2025-01-23,Card Not Present,219.1,Confirmed Fraud,130.89,ML Model
ACB-RF0000422,ACB-TXN00107865,ACB-C001453,2025-05-23,Transaction Velocity,300.0,Confirmed Fraud,0.0,Customer Report
ACB-RF0000423,ACB-TXN00108016,ACB-C006956,2023-10-19,Identity Theft,448.37,False Positive,0.0,ML Model
ACB-RF0000424,ACB-TXN00108072,ACB-C000721,2024-09-23,Identity Theft,61.21,Under Review,9.52,Rules Engine
ACB-RF0000425,ACB-TXN00108120,ACB-C014717,2023-01-17,Transaction Velocity,319.0,Pending,0.0,Rules Engine
ACB-RF0000426,ACB-TXN00108289,ACB-C009188,2025-12-08,Unusual Geography,185.31,False Positive,6.77,Rules Engine
ACB-RF0000427,ACB-TXN00108365,ACB-C003164,2023-08-24,Synthetic Identity,7035.46,Confirmed Fraud,1965.04,Rules Engine
ACB-RF0000428,ACB-TXN00108455,ACB-C013695,2025-09-05,Account Takeover,82.41,Pending,0.0,Rules Engine
ACB-RF0000429,ACB-TXN00108747,ACB-C004421,2025-01-12,Synthetic Identity,708.04,Confirmed Fraud,0.0,Customer Report
ACB-RF0000430,ACB-TXN00108954,ACB-C009009,2023-02-01,Transaction Velocity,200.0,Pending,0.0,Rules Engine
ACB-RF0000431,ACB-TXN00109025,ACB-C003509,2023-05-29,Synthetic Identity,50.6,Pending,9.61,Rules Engine
ACB-RF0000432,ACB-TXN00109284,ACB-C010813,2025-05-13,Card Not Present,974.44,Under Review,209.49,Rules Engine
ACB-RF0000433,ACB-TXN00109676,ACB-C014161,2025-02-25,Identity Theft,581.08,Confirmed Fraud,362.08,Rules Engine
ACB-RF0000434,ACB-TXN00109709,ACB-C006851,2024-07-09,Account Takeover,744.48,False Positive,0.0,Rules Engine
ACB-RF0000435,ACB-TXN00109911,ACB-C007729,2023-03-31,Card Not Present,60.0,Confirmed Fraud,0.0,Rules Engine
ACB-RF0000436,ACB-TXN00109983,ACB-C008690,2024-11-10,Transaction Velocity,798.14,False Positive,644.39,Rules Engine
ACB-RF0000437,ACB-TXN00110113,ACB-C002143,2023-09-14,Card Not Present,14.56,Under Review,0.0,Manual Review
ACB-RF0000438,ACB-TXN00110235,ACB-C007598,2025-10-25,Unusual Geography,90.69,Under Review,0.0,Manual Review
ACB-RF0000439,ACB-TXN00110286,ACB-C000183,2025-07-16,Synthetic Identity,1491.88,False Positive,744.15,Rules Engine
ACB-RF0000440,ACB-TXN00110617,ACB-C009009,2025-09-25,Identity Theft,17199.36,Confirmed Fraud,0.0,Manual Review
ACB-RF0000441,ACB-TXN00110702,ACB-C014053,2025-03-28,Card Not Present,457.65,False Positive,0.0,Rules Engine
ACB-RF0000442,ACB-TXN00110998,ACB-C007243,2024-01-30,Synthetic Identity,552.47,Confirmed Fraud,170.1,Rules Engine
ACB-RF0000443,ACB-TXN00111132,ACB-C008469,2023-07-28,Identity Theft,80.0,Under Review,42.75,Rules Engine
ACB-RF0000444,ACB-TXN00111479,ACB-C013102,2024-05-21,Identity Theft,361.9,False Positive,0.0,Rules Engine
ACB-RF0000445,ACB-TXN00111575,ACB-C003751,2024-03-09,Card Not Present,53.56,Under Review,0.0,Rules Engine
ACB-RF0000446,ACB-TXN00111867,ACB-C008378,2024-05-08,Synthetic Identity,274.53,Confirmed Fraud,0.0,Rules Engine
ACB-RF0000447,ACB-TXN00112414,ACB-C007298,2025-06-20,Transaction Velocity,1517.25,Under Review,1206.22,Rules Engine
ACB-RF0000448,ACB-TXN00112612,ACB-C000548,2023-01-08,Transaction Velocity,106.49,Confirmed Fraud,0.0,Rules Engine
ACB-RF0000449,ACB-TXN00112735,ACB-C000590,2026-02-27,Account Takeover,63.7,Confirmed Fraud,34.98,Rules Engine
ACB-RF0000450,ACB-TXN00112790,ACB-C011118,2024-08-27,Money Laundering Suspicion,12331.52,Confirmed Fraud,1729.62,ML Model
ACB-RF0000451,ACB-TXN00113129,ACB-C000811,2023-11-06,Identity Theft,125.41,Under Review,0.0,Customer Report
ACB-RF0000452,ACB-TXN00113283,ACB-C001887,2023-02-13,Card Not Present,42.27,False Positive,22.01,ML Model
ACB-RF0000453,ACB-TXN00113788,ACB-C008992,2025-05-13,Transaction Velocity,70339.35,False Positive,0.0,Rules Engine
ACB-RF0000454,ACB-TXN00113805,ACB-C010711,2024-04-27,Identity Theft,100.0,Confirmed Fraud,0.0,ML Model
ACB-RF0000455,ACB-TXN00113899,ACB-C004833,2025-07-27,Card Not Present,12434.88,Confirmed Fraud,0.0,ML Model
ACB-RF0000456,ACB-TXN00114188,ACB-C008620,2023-11-14,Money Laundering Suspicion,114.56,Under Review,75.0,Rules Engine
ACB-RF0000457,ACB-TXN00114203,ACB-C014133,2025-09-15,Unusual Geography,1446.26,Under Review,1013.09,ML Model
ACB-RF0000458,ACB-TXN00114237,ACB-C000601,2023-08-02,Unusual Geography,154.75,Confirmed Fraud,0.0,Rules Engine
ACB-RF0000459,ACB-TXN00114595,ACB-C010841,2023-04-16,Account Takeover,8177.87,Confirmed Fraud,6395.34,Rules Engine
ACB-RF0000460,ACB-TXN00114601,ACB-C006753,2024-08-23,Identity Theft,3440.35,Pending,0.0,Manual Review
ACB-RF0000461,ACB-TXN00114603,ACB-C004131,2024-01-29,Transaction Velocity,5617.81,False Positive,0.0,Rules Engine
ACB-RF0000462,ACB-TXN00114723,ACB-C006361,2024-07-20,Unusual Geography,713.53,Pending,0.0,ML Model
ACB-RF0000463,ACB-TXN00114797,ACB-C003820,2025-03-01,Account Takeover,544.91,Confirmed Fraud,289.24,Rules Engine
ACB-RF0000464,ACB-TXN00115531,ACB-C013418,2023-11-06,Synthetic Identity,985.03,Under Review,51.09,Rules Engine
ACB-RF0000465,ACB-TXN00115536,ACB-C007001,2025-12-12,Transaction Velocity,373.75,Confirmed Fraud,169.86,Manual Review
ACB-RF0000466,ACB-TXN00116584,ACB-C011068,2023-10-12,Card Not Present,2297.59,Under Review,0.0,Rules Engine
ACB-RF0000467,ACB-TXN00116852,ACB-C005165,2023-08-30,Account Takeover,186.11,Under Review,0.0,Rules Engine
ACB-RF0000468,ACB-TXN00117366,ACB-C008316,2026-02-10,Account Takeover,27181.17,Under Review,0.0,Rules Engine
ACB-RF0000469,ACB-TXN00117477,ACB-C003804,2025-07-22,Identity Theft,128.45,Confirmed Fraud,0.0,ML Model
ACB-RF0000470,ACB-TXN00117768,ACB-C013311,2025-12-29,Transaction Velocity,29249.3,Confirmed Fraud,0.0,ML Model
ACB-RF0000471,ACB-TXN00118516,ACB-C008250,2023-03-14,Transaction Velocity,1571.93,Under Review,0.0,Rules Engine
ACB-RF0000472,ACB-TXN00118669,ACB-C006778,2025-05-25,Account Takeover,164.15,False Positive,0.0,Rules Engine
ACB-RF0000473,ACB-TXN00118908,ACB-C001991,2024-07-08,Card Not Present,25.81,Confirmed Fraud,3.53,Rules Engine
ACB-RF0000474,ACB-TXN00119072,ACB-C013197,2023-09-22,Transaction Velocity,986.3,False Positive,0.0,Rules Engine
ACB-RF0000475,ACB-TXN00119074,ACB-C014098,2025-08-14,Synthetic Identity,627.4,Confirmed Fraud,0.0,ML Model
ACB-RF0000476,ACB-TXN00119693,ACB-C000495,2024-06-13,Transaction Velocity,410.08,Confirmed Fraud,239.35,Rules Engine
ACB-RF0000477,ACB-TXN00119733,ACB-C003228,2025-01-26,Money Laundering Suspicion,28919.27,False Positive,0.0,Customer Report
